ticker,market,isin,status,signal_type,dominant_timeframe,dominant_length,dominant_average_type,dominant_direction,latest_close,previous_close,dominant_value_latest,dominant_value_previous,score,bounce_count,bars_streak,message,error
NVDA,US listing (Yahoo Finance symbol has no suffix),,no_signal,,Biweekly,50,EMA,support,210.69,205.1,158.3069,156.1688,140.0,5,90,NVDA: no break on dominant Biweekly 50EMA support.,
AAPL,US listing (Yahoo Finance symbol has no suffix),,no_signal,,Monthly,50,EMA,support,312.06,271.1003,207.3288,203.054,237.0,3,207,AAPL: no break on dominant Monthly 50EMA support.,
GOOG,US listing (Yahoo Finance symbol has no suffix),,no_signal,,Quarterly,50,EMA,support,286.6874,313.3905,112.4424,105.3304,106.0,2,86,GOOG: no break on dominant Quarterly 50EMA support.,
MSFT,US listing (Yahoo Finance symbol has no suffix),,no_signal,,Monthly,50,SMA,support,450.24,406.8987,370.1214,367.0688,196.0,2,176,MSFT: no break on dominant Monthly 50SMA support.,
AMZN,US listing (Yahoo Finance symbol has no suffix),,no_signal,,Quarterly,50,EMA,support,208.27,230.82,121.2299,117.6772,134.0,4,94,AMZN: no break on dominant Quarterly 50EMA support.,
TSM,US listing (Yahoo Finance symbol has no suffix),,no_signal,,Biweekly,50,SMA,support,423.93,417.4724,249.2132,244.3877,150.0,8,70,TSM: no break on dominant Biweekly 50SMA support.,
AVGO,US listing (Yahoo Finance symbol has no suffix),,no_signal,,Biweekly,50,SMA,support,410.7,385.1205,271.8009,266.6758,175.0,8,95,AVGO: no break on dominant Biweekly 50SMA support.,
2222.SR,Saudi Exchange (Tadawul),,no_signal,,,,,,,,,,,,,No dominant support or resistance level found.,
TSLA,US listing (Yahoo Finance symbol has no suffix),,no_signal,,,,,,,,,,,,,No dominant support or resistance level found.,
META,US listing (Yahoo Finance symbol has no suffix),,no_signal,,,,,,,,,,,,,No dominant support or resistance level found.,
005930.KS,Korea Exchange,,no_signal,,Quarterly,50,EMA,support,167200.0,119652.3438,55639.2922,51085.7939,162.0,7,92,005930.KS: no break on dominant Quarterly 50EMA support.,
000660.KS,Korea Exchange,,no_signal,,Biweekly,50,SMA,support,2764000.0,2070000.0,530699.2059,479550.6297,191.0,11,81,000660.KS: no break on dominant Biweekly 50SMA support.,
MU,US listing (Yahoo Finance symbol has no suffix),,no_signal,,,,,,,,,,,,,No dominant support or resistance level found.,
BRK-B,US listing (Yahoo Finance symbol has no suffix),,no_signal,,Biweekly,50,EMA,support,489.25,474.48,469.3767,468.5655,236.0,14,96,BRK-B: no break on dominant Biweekly 50EMA support.,
LLY,US listing (Yahoo Finance symbol has no suffix),,no_signal,,Monthly,50,EMA,support,1105.0,932.9939,701.1729,684.6902,192.0,1,182,LLY: no break on dominant Monthly 50EMA support.,
WMT,US listing (Yahoo Finance symbol has no suffix),,no_signal,,Weekly,50,EMA,support,117.18,121.04,114.0586,113.9312,212.0,8,132,WMT: no break on dominant Weekly 50EMA support.,
AMD,US listing (Yahoo Finance symbol has no suffix),,no_signal,,,,,,,,,,,,,No dominant support or resistance level found.,
JPM,US listing (Yahoo Finance symbol has no suffix),,no_signal,,Biweekly,50,EMA,support,320.72,299.31,268.5121,266.3811,193.0,11,83,JPM: no break on dominant Biweekly 50EMA support.,
ORCL,US listing (Yahoo Finance symbol has no suffix),,no_signal,,Quarterly,20,SMA,support,146.598,193.7195,124.6377,120.5728,231.0,15,81,ORCL: no break on dominant Quarterly 20SMA support.,
ASML.AS,Euronext Amsterdam,,no_signal,,Quarterly,50,SMA,support,1116.7307,918.135,363.1856,342.1436,111.0,0,111,ASML.AS: no break on dominant Quarterly 50SMA support.,
V,US listing (Yahoo Finance symbol has no suffix),,no_signal,,Quarterly,20,SMA,support,301.6147,349.2642,258.4571,253.5596,93.0,2,73,V: no break on dominant Quarterly 20SMA support.,
XOM,US listing (Yahoo Finance symbol has no suffix),,no_signal,,,,,,,,,,,,,No dominant support or resistance level found.,
INTC,US listing (Yahoo Finance symbol has no suffix),,no_signal,,,,,,,,,,,,,No dominant support or resistance level found.,
JNJ,US listing (Yahoo Finance symbol has no suffix),,no_signal,,Quarterly,50,EMA,support,243.0423,204.6785,126.6759,121.9263,206.0,1,196,JNJ: no break on dominant Quarterly 50EMA support.,
TCEHY,US listing (Yahoo Finance symbol has no suffix),,no_signal,,,,,,,,,,,,,No dominant support or resistance level found.,
CSCO,US listing (Yahoo Finance symbol has no suffix),,no_signal,,Weekly,50,SMA,support,119.54,121.1,80.1815,79.155,183.0,9,93,CSCO: no break on dominant Weekly 50SMA support.,
MA,US listing (Yahoo Finance symbol has no suffix),,no_signal,,Quarterly,20,EMA,support,498.8028,569.0459,439.1652,432.8875,119.0,4,79,MA: no break on dominant Quarterly 20EMA support.,
COST,US listing (Yahoo Finance symbol has no suffix),,no_signal,,Monthly,50,EMA,support,956.32,1013.0601,769.2401,761.6041,201.0,0,201,COST: no break on dominant Monthly 50EMA support.,
CAT,US listing (Yahoo Finance symbol has no suffix),,no_signal,,Monthly,50,SMA,support,875.87,890.11,354.245,340.867,239.0,12,119,CAT: no break on dominant Monthly 50SMA support.,
LRCX,US listing (Yahoo Finance symbol has no suffix),,no_signal,,,,,,,,,,,,,No dominant support or resistance level found.,
601939.SS,Shanghai Stock Exchange,,no_signal,,Biweekly,50,SMA,support,10.7,9.96,8.6007,8.5247,236.0,15,86,601939.SS: no break on dominant Biweekly 50SMA support.,
ABBV,US listing (Yahoo Finance symbol has no suffix),,no_signal,,Biweekly,50,EMA,support,216.49,227.23,197.1762,196.3879,187.0,11,77,ABBV: no break on dominant Biweekly 50EMA support.,
ARM,US listing (Yahoo Finance symbol has no suffix),,no_signal,,,,,,,,,,,,,No dominant support or resistance level found.,
PLTR,US listing (Yahoo Finance symbol has no suffix),,no_signal,,Biweekly,50,EMA,support,128.47,135.53,119.5644,119.2009,111.0,3,81,PLTR: no break on dominant Biweekly 50EMA support.,
BAC,US listing (Yahoo Finance symbol has no suffix),,no_signal,,,,,,,,,,,,,No dominant support or resistance level found.,
CVX,US listing (Yahoo Finance symbol has no suffix),,no_signal,,,,,,,,,,,,,No dominant support or resistance level found.,
NFLX,US listing (Yahoo Finance symbol has no suffix),,no_signal,,,,,,,,,,,,,No dominant support or resistance level found.,
AMAT,US listing (Yahoo Finance symbol has no suffix),,no_signal,,Monthly,50,SMA,support,450.06,394.0002,177.94,171.4793,268.0,14,128,AMAT: no break on dominant Monthly 50SMA support.,
UNH,US listing (Yahoo Finance symbol has no suffix),,no_signal,,,,,,,,,,,,,No dominant support or resistance level found.,
RO.SW,SIX Swiss Exchange,,no_signal,,,,,,,,,,,,,No dominant support or resistance level found.,
KO,US listing (Yahoo Finance symbol has no suffix),,no_signal,,Monthly,50,SMA,support,78.5032,78.2548,61.6971,61.2213,275.0,7,205,KO: no break on dominant Monthly 50SMA support.,
GE,US listing (Yahoo Finance symbol has no suffix),,no_signal,,Biweekly,50,EMA,support,335.3,323.76,250.2826,246.8125,191.0,10,91,GE: no break on dominant Biweekly 50EMA support.,
601288.SS,Shanghai Stock Exchange,,no_signal,,Biweekly,50,SMA,support,6.8,6.32,5.8041,5.7532,273.0,18,93,601288.SS: no break on dominant Biweekly 50SMA support.,
PG,US listing (Yahoo Finance symbol has no suffix),,no_signal,,Quarterly,50,SMA,support,143.3605,141.2362,102.7225,100.9094,267.0,1,257,PG: no break on dominant Quarterly 50SMA support.,
MS,US listing (Yahoo Finance symbol has no suffix),,no_signal,,Monthly,50,SMA,support,208.0,190.59,108.0928,105.4526,173.0,10,73,MS: no break on dominant Monthly 50SMA support.,
HSBC,US listing (Yahoo Finance symbol has no suffix),,no_signal,,Weekly,50,EMA,support,94.97,92.67,77.2729,76.5505,257.0,7,187,HSBC: no break on dominant Weekly 50EMA support.,
HD,US listing (Yahoo Finance symbol has no suffix),,signal,break_below_dominant_support,Monthly,50,SMA,support,314.779,326.3521,325.2535,324.325,248.0,6,188,HD: Break below dominant support at Monthly 50SMA.,
9984.T,Tokyo Stock Exchange,,no_signal,,Quarterly,50,SMA,support,3555.0,4393.8672,1478.2217,1422.8455,115.0,1,105,9984.T: no break on dominant Quarterly 50SMA support.,
GS,US listing (Yahoo Finance symbol has no suffix),,no_signal,,,,,,,,,,,,,No dominant support or resistance level found.,
1398.HK,Hong Kong Stock Exchange,,no_signal,,Weekly,50,EMA,support,6.85,7.22,6.1787,6.1513,276.0,15,126,1398.HK: no break on dominant Weekly 50EMA support.,
BABA,US listing (Yahoo Finance symbol has no suffix),,no_signal,,,,,,,,,,,,,No dominant support or resistance level found.,
MRK,US listing (Yahoo Finance symbol has no suffix),,no_signal,,,,,,,,,,,,,No dominant support or resistance level found.,
AZN,US listing (Yahoo Finance symbol has no suffix),,no_signal,,Monthly,50,EMA,support,185.67,187.37,144.5847,142.9078,222.0,11,112,AZN: no break on dominant Monthly 50EMA support.,
300750.SZ,Shenzhen Stock Exchange,,no_signal,,,,,,,,,,,,,No dominant support or resistance level found.,
NVS,US listing (Yahoo Finance symbol has no suffix),,no_signal,,Weekly,50,SMA,support,147.08,153.07,136.0864,135.5108,280.0,21,70,NVS: no break on dominant Weekly 50SMA support.,
601988.SS,Shanghai Stock Exchange,,no_signal,,Biweekly,50,EMA,support,6.29,5.86,5.1906,5.1458,226.0,11,116,601988.SS: no break on dominant Biweekly 50EMA support.,
IBM,US listing (Yahoo Finance symbol has no suffix),,no_signal,,,,,,,,,,,,,No dominant support or resistance level found.,
TXN,US listing (Yahoo Finance symbol has no suffix),,no_signal,,,,,,,,,,,,,No dominant support or resistance level found.,
PM,US listing (Yahoo Finance symbol has no suffix),,no_signal,,Quarterly,50,SMA,support,165.34,158.9808,76.4774,74.1097,73.0,0,73,PM: no break on dominant Quarterly 50SMA support.,
DELL,US listing (Yahoo Finance symbol has no suffix),,no_signal,,,,,,,,,,,,,No dominant support or resistance level found.,
MC.PA,Euronext Paris,,no_signal,,Quarterly,50,SMA,support,455.6698,634.6513,379.8476,373.0158,105.0,0,105,MC.PA: no break on dominant Quarterly 50SMA support.,
QCOM,US listing (Yahoo Finance symbol has no suffix),,no_signal,,Quarterly,50,EMA,support,128.3061,169.3334,102.0856,101.0153,174.0,8,94,QCOM: no break on dominant Quarterly 50EMA support.,
RY,US listing (Yahoo Finance symbol has no suffix),,no_signal,,Quarterly,50,EMA,support,160.6794,169.3301,81.072,77.8227,161.0,4,121,RY: no break on dominant Quarterly 50EMA support.,
NESN.SW,SIX Swiss Exchange,,no_signal,,,,,,,,,,,,,No dominant support or resistance level found.,
GEV,US listing (Yahoo Finance symbol has no suffix),,no_signal,,Weekly,50,SMA,support,1109.73,940.1796,746.6785,734.7968,137.0,2,117,GEV: no break on dominant Weekly 50SMA support.,
0857.HK,Hong Kong Stock Exchange,,no_signal,,Biweekly,50,EMA,support,10.0444,10.5684,7.6264,7.5277,254.0,16,94,0857.HK: no break on dominant Biweekly 50EMA support.,
KLAC,US listing (Yahoo Finance symbol has no suffix),,no_signal,,Biweekly,50,EMA,support,259.56,192.92,118.8388,113.095,196.0,10,96,KLAC: no break on dominant Biweekly 50EMA support.,
SNDK,US listing (Yahoo Finance symbol has no suffix),,no_signal,,Weekly,20,SMA,support,2184.75,1980.1,1077.1685,996.7435,111.0,4,71,SNDK: no break on dominant Weekly 20SMA support.,
285A.T,Tokyo Stock Exchange,,no_signal,,Weekly,50,SMA,support,108600.0,81200.0,20674.92,18550.52,79.0,0,79,285A.T: no break on dominant Weekly 50SMA support.,
TM,US listing (Yahoo Finance symbol has no suffix),,no_signal,,,,,,,,,,,,,No dominant support or resistance level found.,
RTX,US listing (Yahoo Finance symbol has no suffix),,no_signal,,Quarterly,50,EMA,support,192.0998,182.0346,85.6766,81.3328,276.0,7,206,RTX: no break on dominant Quarterly 50EMA support.,
600519.SS,Shanghai Stock Exchange,,no_signal,,Quarterly,50,EMA,support,1450.0,1377.1801,1093.3044,1078.7454,119.0,3,89,600519.SS: no break on dominant Quarterly 50EMA support.,
SIE.DE,Xetra / Frankfurt,,no_signal,,,,,,,,,,,,,No dominant support or resistance level found.,
OR.PA,Euronext Paris,,no_signal,,Quarterly,50,SMA,support,342.6191,359.5368,247.4609,242.6599,105.0,0,105,OR.PA: no break on dominant Quarterly 50SMA support.,
WFC,US listing (Yahoo Finance symbol has no suffix),,no_signal,,,,,,,,,,,,,No dominant support or resistance level found.,
0941.HK,Hong Kong Stock Exchange,,no_signal,,Biweekly,50,EMA,support,80.1,82.4,75.2564,75.0587,277.0,16,117,0941.HK: no break on dominant Biweekly 50EMA support.,
SHEL,US listing (Yahoo Finance symbol has no suffix),,no_signal,,,,,,,,,,,,,No dominant support or resistance level found.,
IHC.AE,Abu Dhabi Securities Exchange,,error,,,,,,,,,,,,,IHC.AE: price data error.,Yahoo Finance returned no OHLC data
2454.TW,Taiwan Stock Exchange,,no_signal,,Biweekly,50,EMA,support,4180.0,4310.0,1676.8589,1574.6899,200.0,12,80,2454.TW: no break on dominant Biweekly 50EMA support.,
LIN,US listing (Yahoo Finance symbol has no suffix),,no_signal,,Monthly,50,SMA,support,496.1212,499.5603,399.4445,395.5565,210.0,9,120,LIN: no break on dominant Monthly 50SMA support.,
PANW,US listing (Yahoo Finance symbol has no suffix),,no_signal,,Monthly,50,EMA,support,281.69,179.32,153.2733,148.0318,144.0,7,74,PANW: no break on dominant Monthly 50EMA support.,
BHP,US listing (Yahoo Finance symbol has no suffix),,no_signal,,,,,,,,,,,,,No dominant support or resistance level found.,
AXP,US listing (Yahoo Finance symbol has no suffix),,no_signal,,,,,,,,,,,,,No dominant support or resistance level found.,
601138.SS,Shanghai Stock Exchange,,no_signal,,,,,,,,,,,,,No dominant support or resistance level found.,
C,US listing (Yahoo Finance symbol has no suffix),,no_signal,,,,,,,,,,,,,No dominant support or resistance level found.,
SAP,US listing (Yahoo Finance symbol has no suffix),,no_signal,,Weekly,20,EMA,resistance,155.22,164.18,183.0365,185.9645,235.0,19,45,SAP: no break on dominant Weekly 20EMA resistance.,
MUFG,US listing (Yahoo Finance symbol has no suffix),,no_signal,,Weekly,50,SMA,support,21.08,20.16,16.7356,16.5932,223.0,4,183,MUFG: no break on dominant Weekly 50SMA support.,
APP,US listing (Yahoo Finance symbol has no suffix),,no_signal,,Biweekly,50,EMA,support,469.71,557.2,395.7329,392.7134,185.0,11,75,APP: no break on dominant Biweekly 50EMA support.,
TMUS,US listing (Yahoo Finance symbol has no suffix),,no_signal,,Weekly,50,SMA,resistance,181.67,189.1,210.3569,211.4495,210.0,17,40,TMUS: no break on dominant Weekly 50SMA resistance.,
NVO,US listing (Yahoo Finance symbol has no suffix),,no_signal,,Weekly,50,EMA,resistance,43.19,43.88,50.7743,51.0839,151.0,6,91,NVO: no break on dominant Weekly 50EMA resistance.,
ADI,US listing (Yahoo Finance symbol has no suffix),,no_signal,,Monthly,50,EMA,support,412.7195,401.1612,223.7692,216.057,256.0,6,196,ADI: no break on dominant Monthly 50EMA support.,
ANET,US listing (Yahoo Finance symbol has no suffix),,no_signal,,Monthly,50,EMA,support,159.47,172.71,89.657,86.8075,255.0,18,75,ANET: no break on dominant Monthly 50EMA support.,
2308.TW,Taiwan Stock Exchange,,no_signal,,Monthly,50,SMA,support,2432.2815,2153.738,517.28,473.5254,244.0,17,74,2308.TW: no break on dominant Monthly 50SMA support.,
VZ,US listing (Yahoo Finance symbol has no suffix),,no_signal,,,,,,,,,,,,,No dominant support or resistance level found.,
PRX.AS,Euronext Amsterdam,,no_signal,,,,,,,,,,,,,No dominant support or resistance level found.,
MCD,US listing (Yahoo Finance symbol has no suffix),,no_signal,,Monthly,50,SMA,support,277.3192,291.6122,271.6559,270.592,328.0,6,268,MCD: no break on dominant Monthly 50SMA support.,
RMS.PA,Euronext Paris,,no_signal,,Weekly,50,SMA,resistance,1721.5,1697.0,1976.7724,1988.7151,247.0,20,47,RMS.PA: no break on dominant Weekly 50SMA resistance.,
STX,US listing (Yahoo Finance symbol has no suffix),,no_signal,,Quarterly,50,SMA,support,391.76,274.9105,65.9584,58.626,114.0,2,94,STX: no break on dominant Quarterly 50SMA support.,
PEP,US listing (Yahoo Finance symbol has no suffix),,no_signal,,Quarterly,50,SMA,support,153.6732,140.7681,110.8508,108.8598,226.0,1,216,PEP: no break on dominant Quarterly 50SMA support.,
CBA.AX,Australian Securities Exchange,,no_signal,,Biweekly,50,EMA,support,159.51,165.02,153.2477,152.9921,243.0,14,103,CBA.AX: no break on dominant Biweekly 50EMA support.,
AMGN,US listing (Yahoo Finance symbol has no suffix),,no_signal,,Monthly,50,SMA,support,336.79,343.6549,267.7821,265.281,242.0,6,182,AMGN: no break on dominant Monthly 50SMA support.,
ABBN.SW,SIX Swiss Exchange,,no_signal,,Monthly,50,EMA,support,83.62,78.44,46.0956,44.564,243.0,17,73,ABBN.SW: no break on dominant Monthly 50EMA support.,
TJX,US listing (Yahoo Finance symbol has no suffix),,no_signal,,Biweekly,50,EMA,support,163.81,160.71,135.1072,133.9357,187.0,9,97,TJX: no break on dominant Biweekly 50EMA support.,
TMO,US listing (Yahoo Finance symbol has no suffix),,no_signal,,Quarterly,50,EMA,support,491.0378,578.298,375.519,370.8039,202.0,11,92,TMO: no break on dominant Quarterly 50EMA support.,
RELIANCE.NS,National Stock Exchange of India,,signal,near_dominant_support,Monthly,50,SMA,support,1315.1194,1424.2151,1297.6255,1295.1897,284.0,15,134,RELIANCE.NS: Close within 1.5% of dominant support at Monthly 50SMA.,
NEE,US listing (Yahoo Finance symbol has no suffix),,no_signal,,Quarterly,50,SMA,support,92.2046,79.1565,48.0579,46.4996,213.0,0,213,NEE: no break on dominant Quarterly 50SMA support.,
8035.T,Tokyo Stock Exchange,,no_signal,,,,,,,,,,,,,No dominant support or resistance level found.,
SAN,US listing (Yahoo Finance symbol has no suffix),,no_signal,,Weekly,50,EMA,support,13.5,12.87,10.7726,10.6612,156.0,8,76,SAN: no break on dominant Weekly 50EMA support.,
DIS,US listing (Yahoo Finance symbol has no suffix),,no_signal,,,,,,,,,,,,,No dominant support or resistance level found.,
WDC,US listing (Yahoo Finance symbol has no suffix),,no_signal,,,,,,,,,,,,,No dominant support or resistance level found.,
SU.PA,Euronext Paris,,no_signal,,Monthly,50,EMA,support,269.95,264.4616,196.0641,193.0483,228.0,14,88,SU.PA: no break on dominant Monthly 50EMA support.,
BA,US listing (Yahoo Finance symbol has no suffix),,no_signal,,,,,,,,,,,,,No dominant support or resistance level found.,
ALV.DE,Xetra / Frankfurt,,no_signal,,Biweekly,50,EMA,support,386.4,381.6,321.8465,319.2116,205.0,11,95,ALV.DE: no break on dominant Biweekly 50EMA support.,
CRWD,US listing (Yahoo Finance symbol has no suffix),,no_signal,,Monthly,50,SMA,support,731.0,445.75,298.3171,288.2387,114.0,3,84,CRWD: no break on dominant Monthly 50SMA support.,
BLK,US listing (Yahoo Finance symbol has no suffix),,no_signal,,Quarterly,50,EMA,support,956.321,1058.4497,590.8586,575.9418,125.0,2,105,BLK: no break on dominant Quarterly 50EMA support.,
RIO,US listing (Yahoo Finance symbol has no suffix),,no_signal,,Monthly,50,EMA,support,106.39,100.48,63.5832,61.836,275.0,16,115,RIO: no break on dominant Monthly 50EMA support.,
UNP,US listing (Yahoo Finance symbol has no suffix),,no_signal,,Monthly,50,EMA,support,262.64,268.0872,218.4776,216.675,282.0,16,122,UNP: no break on dominant Monthly 50EMA support.,
AIR.PA,Euronext Paris,,no_signal,,Quarterly,50,SMA,support,157.9023,194.8005,92.4073,90.0253,109.0,1,99,AIR.PA: no break on dominant Quarterly 50SMA support.,
T,US listing (Yahoo Finance symbol has no suffix),,no_signal,,,,,,,,,,,,,No dominant support or resistance level found.,
DTE.DE,Xetra / Frankfurt,,no_signal,,,,,,,,,,,,,No dominant support or resistance level found.,
BUD,US listing (Yahoo Finance symbol has no suffix),,no_signal,,Quarterly,50,SMA,resistance,68.3552,63.1031,72.75,72.8719,77.0,1,67,BUD: no break on dominant Quarterly 50SMA resistance.,
ABT,US listing (Yahoo Finance symbol has no suffix),,signal,break_below_dominant_support,Quarterly,20,EMA,support,102.0299,123.8814,106.7679,107.2666,341.0,25,91,ABT: Break below dominant support at Quarterly 20EMA.,
UBS,US listing (Yahoo Finance symbol has no suffix),,no_signal,,,,,,,,,,,,,No dominant support or resistance level found.,
3968.HK,Hong Kong Stock Exchange,,no_signal,,Quarterly,50,SMA,support,49.28,51.7736,27.8951,27.0811,99.0,2,79,3968.HK: no break on dominant Quarterly 50SMA support.,
IBE.MC,Bolsa de Madrid,,no_signal,,Weekly,50,SMA,support,20.83,20.32,18.012,17.9091,270.0,15,120,IBE.MC: no break on dominant Weekly 50SMA support.,
SCHW,US listing (Yahoo Finance symbol has no suffix),,no_signal,,,,,,,,,,,,,No dominant support or resistance level found.,
0883.HK,Hong Kong Stock Exchange,,no_signal,,Biweekly,50,EMA,support,24.92,25.8319,20.088,19.8908,186.0,7,116,0883.HK: no break on dominant Biweekly 50EMA support.,
DE,US listing (Yahoo Finance symbol has no suffix),,no_signal,,Monthly,50,SMA,support,542.18,589.87,418.829,415.8532,238.0,12,118,DE: no break on dominant Monthly 50SMA support.,
GILD,US listing (Yahoo Finance symbol has no suffix),,signal,break_below_dominant_support,Weekly,50,EMA,support,123.76,124.77,124.5569,124.5894,260.0,16,100,GILD: Break below dominant support at Weekly 50EMA.,
ETN,US listing (Yahoo Finance symbol has no suffix),,no_signal,,Monthly,50,SMA,support,400.6,431.8167,262.0837,256.915,253.0,13,123,ETN: no break on dominant Monthly 50SMA support.,
601088.SS,Shanghai Stock Exchange,,no_signal,,Biweekly,50,EMA,support,46.14,46.92,39.4294,39.1555,210.0,6,150,601088.SS: no break on dominant Biweekly 50EMA support.,
9983.T,Tokyo Stock Exchange,,no_signal,,Biweekly,50,SMA,support,83100.0,78700.0,53892.9851,53047.8095,233.0,13,103,9983.T: no break on dominant Biweekly 50SMA support.,
ISRG,US listing (Yahoo Finance symbol has no suffix),,no_signal,,Quarterly,50,EMA,support,460.99,566.36,268.7041,260.8557,168.0,8,88,ISRG: no break on dominant Quarterly 50EMA support.,
GLW,US listing (Yahoo Finance symbol has no suffix),,no_signal,,,,,,,,,,,,,No dominant support or resistance level found.,
BX,US listing (Yahoo Finance symbol has no suffix),,signal,near_dominant_support,Quarterly,20,SMA,support,113.9343,150.9702,113.0759,110.4924,146.0,7,76,BX: Close within 1.5% of dominant support at Quarterly 20SMA.,
SMFG,US listing (Yahoo Finance symbol has no suffix),,no_signal,,Biweekly,50,EMA,support,25.23,23.16,17.171,16.8421,254.0,16,94,SMFG: no break on dominant Biweekly 50EMA support.,
WELL,US listing (Yahoo Finance symbol has no suffix),,signal,near_dominant_support,Weekly,20,EMA,support,206.65,214.23,205.0124,204.84,425.0,35,75,WELL: Close within 1.5% of dominant support at Weekly 20EMA.,
IBKR,US listing (Yahoo Finance symbol has no suffix),,no_signal,,Biweekly,50,EMA,support,96.0,84.4,59.4981,58.0083,239.0,14,99,IBKR: no break on dominant Biweekly 50EMA support.,
PFE,US listing (Yahoo Finance symbol has no suffix),,no_signal,,,,,,,,,,,,,No dominant support or resistance level found.,
COP,US listing (Yahoo Finance symbol has no suffix),,no_signal,,,,,,,,,,,,,No dominant support or resistance level found.,
601628.SS,Shanghai Stock Exchange,,no_signal,,Quarterly,50,SMA,support,36.34,45.5,27.3379,26.8382,77.0,0,77,601628.SS: no break on dominant Quarterly 50SMA support.,
CRM,US listing (Yahoo Finance symbol has no suffix),,no_signal,,Quarterly,50,EMA,support,185.7249,263.5688,173.0342,172.5162,134.0,5,84,CRM: no break on dominant Quarterly 50EMA support.,
SHOP,US listing (Yahoo Finance symbol has no suffix),,no_signal,,,,,,,,,,,,,No dominant support or resistance level found.,
SAF.PA,Euronext Paris,,no_signal,,Biweekly,50,SMA,support,329.4,298.5,259.5181,256.7965,326.0,23,96,SAF.PA: no break on dominant Biweekly 50SMA support.,
UBER,US listing (Yahoo Finance symbol has no suffix),,no_signal,,Monthly,50,SMA,support,70.4,74.61,59.6084,58.914,85.0,0,85,UBER: no break on dominant Monthly 50SMA support.,
SCCO,US listing (Yahoo Finance symbol has no suffix),,no_signal,,Monthly,50,SMA,support,191.3,169.1037,89.1817,86.5765,273.0,20,73,SCCO: no break on dominant Monthly 50SMA support.,
601318.SS,Shanghai Stock Exchange,,no_signal,,Quarterly,50,SMA,support,54.9375,66.1805,40.2017,39.3382,127.0,5,77,601318.SS: no break on dominant Quarterly 50SMA support.,
ENR.F,Frankfurt Stock Exchange,,no_signal,,Weekly,50,EMA,support,168.72,153.9,132.5581,131.0821,171.0,5,121,ENR.F: no break on dominant Weekly 50EMA support.,
PLD,US listing (Yahoo Finance symbol has no suffix),,no_signal,,,,,,,,,,,,,No dominant support or resistance level found.,
RR.L,London Stock Exchange,,no_signal,,Weekly,50,SMA,support,1408.2,1308.0,1171.1011,1162.1875,243.0,6,183,RR.L: no break on dominant Weekly 50SMA support.,
D05.SI,Singapore Exchange,,no_signal,,Biweekly,50,EMA,support,65.96,63.78,47.7403,46.9966,207.0,6,147,D05.SI: no break on dominant Biweekly 50EMA support.,
HON,US listing (Yahoo Finance symbol has no suffix),,no_signal,,,,,,,,,,,,,No dominant support or resistance level found.,
6501.T,Tokyo Stock Exchange,,no_signal,,Biweekly,50,SMA,support,4764.0,5300.0,4241.5679,4217.2913,177.0,3,147,6501.T: no break on dominant Biweekly 50SMA support.,
DELTA.BK,Stock Exchange of Thailand,,no_signal,,,,,,,,,,,,,No dominant support or resistance level found.,
DHR,US listing (Yahoo Finance symbol has no suffix),,no_signal,,Quarterly,50,SMA,support,189.6,228.4331,142.0111,138.7811,190.0,0,190,DHR: no break on dominant Quarterly 50SMA support.,
BTI,US listing (Yahoo Finance symbol has no suffix),,no_signal,,Weekly,50,EMA,support,58.91,62.32,55.0586,54.9014,171.0,6,111,BTI: no break on dominant Weekly 50EMA support.,
CB,US listing (Yahoo Finance symbol has no suffix),,no_signal,,Biweekly,50,SMA,support,323.4,325.2552,290.4562,289.0878,207.0,13,77,CB: no break on dominant Biweekly 50SMA support.,
SPGI,US listing (Yahoo Finance symbol has no suffix),,no_signal,,,,,,,,,,,,,No dominant support or resistance level found.,
BKNG,US listing (Yahoo Finance symbol has no suffix),,no_signal,,Quarterly,50,SMA,support,167.9905,213.1897,91.916,89.3481,109.0,0,109,BKNG: no break on dominant Quarterly 50SMA support.,
UL,US listing (Yahoo Finance symbol has no suffix),,no_signal,,Quarterly,50,SMA,support,56.4285,64.2878,47.6157,47.0533,205.0,2,185,UL: no break on dominant Quarterly 50SMA support.,
BBVA,US listing (Yahoo Finance symbol has no suffix),,no_signal,,Weekly,50,EMA,support,24.48,23.34,20.2225,20.0487,171.0,9,81,BBVA: no break on dominant Weekly 50EMA support.,
SONY,US listing (Yahoo Finance symbol has no suffix),,no_signal,,,,,,,,,,,,,No dominant support or resistance level found.,
CVS,US listing (Yahoo Finance symbol has no suffix),,no_signal,,,,,,,,,,,,,No dominant support or resistance level found.,
AI.PA,Euronext Paris,,no_signal,,Monthly,50,EMA,support,178.08,179.5858,150.5475,149.4238,333.0,13,203,AI.PA: no break on dominant Monthly 50EMA support.,
CFR.SW,SIX Swiss Exchange,,no_signal,,,,,,,,,,,,,No dominant support or resistance level found.,
UCG.MI,Borsa Italiana,,no_signal,,Biweekly,50,SMA,support,79.52,73.15,53.6713,52.7597,212.0,11,102,UCG.MI: no break on dominant Biweekly 50SMA support.,
ENB,US listing (Yahoo Finance symbol has no suffix),,no_signal,,Weekly,50,EMA,support,54.55,56.5,49.7092,49.5116,324.0,21,114,ENB: no break on dominant Weekly 50EMA support.,
INVE-B.ST,Nasdaq Stockholm,,no_signal,,Biweekly,50,EMA,support,391.15,379.95,312.1005,308.874,216.0,12,96,INVE-B.ST: no break on dominant Biweekly 50EMA support.,
LMT,US listing (Yahoo Finance symbol has no suffix),,no_signal,,Quarterly,50,SMA,support,600.4591,478.0051,303.6691,293.4572,134.0,3,104,LMT: no break on dominant Quarterly 50SMA support.,
002594.SZ,Shenzhen Stock Exchange,,no_signal,,,,,,,,,,,,,No dominant support or resistance level found.,
HDB,US listing (Yahoo Finance symbol has no suffix),,signal,near_dominant_support,Quarterly,50,EMA,support,24.88,36.54,24.7964,24.793,153.0,6,93,HDB: Close within 1.5% of dominant support at Quarterly 50EMA.,
LOW,US listing (Yahoo Finance symbol has no suffix),,signal,break_below_dominant_support,Monthly,50,SMA,support,214.36,238.79,217.5464,216.978,123.0,5,73,LOW: Break below dominant support at Monthly 50SMA.,
SYK,US listing (Yahoo Finance symbol has no suffix),,no_signal,,Quarterly,50,SMA,support,328.59,350.5215,199.5137,194.1071,205.0,2,185,SYK: no break on dominant Quarterly 50SMA support.,
MO,US listing (Yahoo Finance symbol has no suffix),,no_signal,,Quarterly,50,SMA,support,65.0177,55.8742,33.8258,32.8343,287.0,3,257,MO: no break on dominant Quarterly 50SMA support.,
BNP.PA,Euronext Paris,,no_signal,,Biweekly,50,EMA,support,101.58,93.65,73.0684,71.9047,326.0,23,96,BNP.PA: no break on dominant Biweekly 50EMA support.,
PGR,US listing (Yahoo Finance symbol has no suffix),,no_signal,,Weekly,50,EMA,resistance,204.87,203.11,210.7084,210.9467,210.0,16,50,PGR: no break on dominant Weekly 50EMA resistance.,
PDD,US listing (Yahoo Finance symbol has no suffix),,no_signal,,,,,,,,,,,,,No dominant support or resistance level found.,
2317.TW,Taiwan Stock Exchange,,no_signal,,,,,,,,,,,,,No dominant support or resistance level found.,
BMO,US listing (Yahoo Finance symbol has no suffix),,no_signal,,,,,,,,,,,,,No dominant support or resistance level found.,
MFG,US listing (Yahoo Finance symbol has no suffix),,no_signal,,Biweekly,50,EMA,support,9.68,8.97,6.5757,6.449,251.0,16,91,MFG: no break on dominant Biweekly 50EMA support.,
PBR,US listing (Yahoo Finance symbol has no suffix),,no_signal,,,,,,,,,,,,,No dominant support or resistance level found.,
BMY,US listing (Yahoo Finance symbol has no suffix),,no_signal,,,,,,,,,,,,,No dominant support or resistance level found.,
IFX.DE,Xetra / Frankfurt,,no_signal,,,,,,,,,,,,,No dominant support or resistance level found.,
688256.SS,Shanghai Stock Exchange,,no_signal,,Monthly,50,SMA,support,1310.0,1139.5477,326.903,301.557,71.0,0,71,688256.SS: no break on dominant Monthly 50SMA support.,
COF,US listing (Yahoo Finance symbol has no suffix),,no_signal,,,,,,,,,,,,,No dominant support or resistance level found.,
6857.T,Tokyo Stock Exchange,,no_signal,,Monthly,50,EMA,support,26170.0,28260.0,10779.1342,10150.9356,239.0,12,119,6857.T: no break on dominant Monthly 50EMA support.,
PH,US listing (Yahoo Finance symbol has no suffix),,no_signal,,Monthly,50,EMA,support,844.63,907.3691,593.0915,582.8246,184.0,11,74,PH: no break on dominant Monthly 50EMA support.,
300502.SZ,Shenzhen Stock Exchange,,no_signal,,,,,,,,,,,,,No dominant support or resistance level found.,
BHARTIARTL.NS,National Stock Exchange of India,,no_signal,,Biweekly,50,SMA,support,1910.8,1798.2,1805.1746,1795.7905,228.0,8,148,BHARTIARTL.NS: no break on dominant Biweekly 50SMA support.,
ISP.MI,Borsa Italiana,,no_signal,,Biweekly,50,SMA,support,6.178,5.673,4.5698,4.5091,195.0,10,95,ISP.MI: no break on dominant Biweekly 50SMA support.,
NOW,US listing (Yahoo Finance symbol has no suffix),,no_signal,,Weekly,50,SMA,resistance,95.04,102.15,143.3058,145.5837,137.0,9,47,NOW: no break on dominant Weekly 50SMA resistance.,
VRTX,US listing (Yahoo Finance symbol has no suffix),,no_signal,,Quarterly,50,EMA,support,446.54,453.36,264.4485,257.0162,223.0,14,83,VRTX: no break on dominant Quarterly 50EMA support.,
SBUX,US listing (Yahoo Finance symbol has no suffix),,no_signal,,,,,,,,,,,,,No dominant support or resistance level found.,
VRT,US listing (Yahoo Finance symbol has no suffix),,no_signal,,,,,,,,,,,,,No dominant support or resistance level found.,
BP,US listing (Yahoo Finance symbol has no suffix),,no_signal,,,,,,,,,,,,,No dominant support or resistance level found.,
ENEL.MI,Borsa Italiana,,no_signal,,Weekly,20,EMA,support,9.939,9.794,9.5294,9.4863,583.0,51,73,ENEL.MI: no break on dominant Weekly 20EMA support.,
6861.T,Tokyo Stock Exchange,,no_signal,,Quarterly,50,SMA,support,54860.0,56418.0781,39131.795,38211.3728,101.0,0,101,6861.T: no break on dominant Quarterly 50SMA support.,
CDNS,US listing (Yahoo Finance symbol has no suffix),,no_signal,,Monthly,50,EMA,support,374.93,329.59,262.7366,258.1573,186.0,1,176,CDNS: no break on dominant Monthly 50EMA support.,
601899.SS,Shanghai Stock Exchange,,no_signal,,Biweekly,50,SMA,support,29.09,30.44,23.2723,23.0496,160.0,7,90,601899.SS: no break on dominant Biweekly 50SMA support.,
1120.SR,Saudi Exchange (Tadawul),,no_signal,,Monthly,50,EMA,support,67.25,68.55,55.8669,55.4023,175.0,6,115,1120.SR: no break on dominant Monthly 50EMA support.,
ACN,US listing (Yahoo Finance symbol has no suffix),,signal,break_below_dominant_support,Quarterly,50,EMA,support,196.6226,266.0439,209.6522,210.184,147.0,5,97,ACN: Break below dominant support at Quarterly 50EMA.,
8058.T,Tokyo Stock Exchange,,no_signal,,,,,,,,,,,,,No dominant support or resistance level found.,
SNY,US listing (Yahoo Finance symbol has no suffix),,no_signal,,Quarterly,50,SMA,support,45.6476,45.9129,36.5801,36.2691,95.0,0,95,SNY: no break on dominant Quarterly 50SMA support.,
SO,US listing (Yahoo Finance symbol has no suffix),,no_signal,,Biweekly,50,EMA,support,93.09,92.6,86.3563,86.0814,271.0,20,71,SO: no break on dominant Biweekly 50EMA support.,
MDT,US listing (Yahoo Finance symbol has no suffix),,no_signal,,,,,,,,,,,,,No dominant support or resistance level found.,
ZURN.SW,SIX Swiss Exchange,,no_signal,,Biweekly,50,SMA,support,563.8,557.0,517.9771,515.3745,276.0,13,146,ZURN.SW: no break on dominant Biweekly 50SMA support.,
MAR,US listing (Yahoo Finance symbol has no suffix),,no_signal,,Quarterly,50,SMA,support,326.4257,309.0317,137.6353,131.8473,153.0,4,113,MAR: no break on dominant Quarterly 50SMA support.,
TT,US listing (Yahoo Finance symbol has no suffix),,no_signal,,Biweekly,50,SMA,support,458.25,450.2782,401.6191,399.2187,245.0,15,95,TT: no break on dominant Biweekly 50SMA support.,
EQIX,US listing (Yahoo Finance symbol has no suffix),,no_signal,,Quarterly,50,SMA,support,975.4156,758.2565,509.3573,492.5504,103.0,0,103,EQIX: no break on dominant Quarterly 50SMA support.,
005380.KS,Korea Exchange,,no_signal,,,,,,,,,,,,,No dominant support or resistance level found.,
GSK,US listing (Yahoo Finance symbol has no suffix),,no_signal,,,,,,,,,,,,,No dominant support or resistance level found.,
NEM,US listing (Yahoo Finance symbol has no suffix),,no_signal,,,,,,,,,,,,,No dominant support or resistance level found.,
SPOT,US listing (Yahoo Finance symbol has no suffix),,no_signal,,,,,,,,,,,,,No dominant support or resistance level found.,
402340.KS,Korea Exchange,,no_signal,,,,,,,,,,,,,No dominant support or resistance level found.,
FTNT,US listing (Yahoo Finance symbol has no suffix),,no_signal,,Monthly,50,SMA,support,137.97,84.31,73.9112,72.5188,309.0,11,199,FTNT: no break on dominant Monthly 50SMA support.,
PWR,US listing (Yahoo Finance symbol has no suffix),,no_signal,,Monthly,20,SMA,support,711.73,727.77,417.6166,396.9084,283.0,21,73,PWR: no break on dominant Monthly 20SMA support.,
CM,US listing (Yahoo Finance symbol has no suffix),,no_signal,,Weekly,50,SMA,support,111.69,113.46,90.9275,90.1249,204.0,7,134,CM: no break on dominant Weekly 50SMA support.,
BN,US listing (Yahoo Finance symbol has no suffix),,no_signal,,Quarterly,50,SMA,support,40.4073,45.737,20.0137,19.3559,190.0,2,170,BN: no break on dominant Quarterly 50SMA support.,
HWM,US listing (Yahoo Finance symbol has no suffix),,no_signal,,Weekly,50,EMA,support,277.66,264.67,218.4764,216.0607,168.0,3,138,HWM: no break on dominant Weekly 50EMA support.,
BNS,US listing (Yahoo Finance symbol has no suffix),,no_signal,,,,,,,,,,,,,No dominant support or resistance level found.,
600900.SS,Shanghai Stock Exchange,,no_signal,,Monthly,50,SMA,support,27.75,27.32,24.0712,23.8992,153.0,1,143,600900.SS: no break on dominant Monthly 50SMA support.,
6098.T,Tokyo Stock Exchange,,no_signal,,,,,,,,,,,,,No dominant support or resistance level found.,
6981.T,Tokyo Stock Exchange,,no_signal,,Quarterly,50,SMA,support,3409.0,3215.6636,1974.4545,1919.5185,111.0,1,101,6981.T: no break on dominant Quarterly 50SMA support.,
SBIN.NS,National Stock Exchange of India,,no_signal,,Biweekly,50,EMA,support,1017.15,964.4,874.5558,868.7356,195.0,5,145,SBIN.NS: no break on dominant Biweekly 50EMA support.,
DUK,US listing (Yahoo Finance symbol has no suffix),,no_signal,,Monthly,50,EMA,support,122.73,128.4401,103.511,102.7265,353.0,15,203,DUK: no break on dominant Monthly 50EMA support.,
IBN,US listing (Yahoo Finance symbol has no suffix),,signal,near_dominant_support,Monthly,50,SMA,support,26.23,26.59,25.902,25.7448,260.0,19,70,IBN: Close within 1.5% of dominant support at Monthly 50SMA.,
ADBE,US listing (Yahoo Finance symbol has no suffix),,no_signal,,Weekly,50,SMA,resistance,195.16,204.02,304.0826,307.7656,190.0,11,80,ADBE: no break on dominant Weekly 50SMA resistance.,
SBER.ME,Moscow Exchange,,no_signal,,,,,,,,,,,,,No dominant support or resistance level found.,
CDI.PA,Euronext Paris,,no_signal,,,,,,,,,,,,,No dominant support or resistance level found.,
EL.PA,Euronext Paris,,no_signal,,Quarterly,50,EMA,support,193.8193,263.6685,140.8265,138.6636,144.0,4,104,EL.PA: no break on dominant Quarterly 50EMA support.,
CS.PA,Euronext Paris,,no_signal,,Biweekly,50,SMA,support,40.86,39.73,35.6086,35.369,219.0,8,139,CS.PA: no break on dominant Biweekly 50SMA support.,
CNQ,US listing (Yahoo Finance symbol has no suffix),,no_signal,,,,,,,,,,,,,No dominant support or resistance level found.,
MCK,US listing (Yahoo Finance symbol has no suffix),,no_signal,,Biweekly,50,EMA,support,784.05,741.62,718.4981,715.8225,209.0,5,159,MCK: no break on dominant Biweekly 50EMA support.,
000333.SZ,Shenzhen Stock Exchange,,no_signal,,Weekly,50,EMA,support,78.0,83.23,76.701,76.6479,398.0,27,128,000333.SZ: no break on dominant Weekly 50EMA support.,
BK,US listing (Yahoo Finance symbol has no suffix),,no_signal,,Weekly,50,SMA,support,143.63,143.98,115.8186,114.7605,218.0,8,138,BK: no break on dominant Weekly 50SMA support.,
CME,US listing (Yahoo Finance symbol has no suffix),,signal,break_below_dominant_support,Biweekly,50,EMA,support,246.38,256.0723,252.9636,253.2323,256.0,18,76,CME: Break below dominant support at Biweekly 50EMA.,
PNC,US listing (Yahoo Finance symbol has no suffix),,no_signal,,,,,,,,,,,,,No dominant support or resistance level found.,
GD,US listing (Yahoo Finance symbol has no suffix),,no_signal,,,,,,,,,,,,,No dominant support or resistance level found.,
EQNR,US listing (Yahoo Finance symbol has no suffix),,no_signal,,,,,,,,,,,,,No dominant support or resistance level found.,
ADP,US listing (Yahoo Finance symbol has no suffix),,no_signal,,Weekly,50,SMA,resistance,218.41,226.21,247.9902,249.6388,142.0,10,42,ADP: no break on dominant Weekly 50SMA resistance.,
1299.HK,Hong Kong Stock Exchange,,no_signal,,,,,,,,,,,,,No dominant support or resistance level found.,
FCX,US listing (Yahoo Finance symbol has no suffix),,no_signal,,,,,,,,,,,,,No dominant support or resistance level found.,
CABK.MC,Bolsa de Madrid,,no_signal,,Weekly,50,SMA,support,12.645,11.89,9.5651,9.4552,253.0,9,163,CABK.MC: no break on dominant Weekly 50SMA support.,
GLCNF,US listing (Yahoo Finance symbol has no suffix),,no_signal,,,,,,,,,,,,,No dominant support or resistance level found.,
CMI,US listing (Yahoo Finance symbol has no suffix),,no_signal,,Monthly,50,EMA,support,646.63,668.9091,348.5554,336.3891,224.0,15,74,CMI: no break on dominant Monthly 50EMA support.,
601328.SS,Shanghai Stock Exchange,,no_signal,,Quarterly,50,SMA,support,7.0,7.25,4.1861,4.0894,76.0,0,76,601328.SS: no break on dominant Quarterly 50SMA support.,
KKR,US listing (Yahoo Finance symbol has no suffix),,no_signal,,,,,,,,,,,,,No dominant support or resistance level found.,
JCI,US listing (Yahoo Finance symbol has no suffix),,no_signal,,,,,,,,,,,,,No dominant support or resistance level found.,
601658.SS,Shanghai Stock Exchange,,no_signal,,Monthly,50,SMA,support,4.98,5.07,4.5851,4.5716,118.0,4,78,601658.SS: no break on dominant Monthly 50SMA support.,
SNPS,US listing (Yahoo Finance symbol has no suffix),,no_signal,,,,,,,,,,,,,No dominant support or resistance level found.,
GMBXF,US listing (Yahoo Finance symbol has no suffix),,no_signal,,,,,,,,,,,,,No dominant support or resistance level found.,
UPS,US listing (Yahoo Finance symbol has no suffix),,no_signal,,,,,,,,,,,,,No dominant support or resistance level found.,
USB,US listing (Yahoo Finance symbol has no suffix),,no_signal,,,,,,,,,,,,,No dominant support or resistance level found.,
ELV,US listing (Yahoo Finance symbol has no suffix),,no_signal,,Quarterly,50,SMA,support,291.5636,346.9904,273.8342,269.3918,108.0,1,98,ELV: no break on dominant Quarterly 50SMA support.,
WM,US listing (Yahoo Finance symbol has no suffix),,no_signal,,Monthly,50,SMA,support,210.5476,231.5466,189.0208,187.7753,199.0,0,199,WM: no break on dominant Monthly 50SMA support.,
MNST,US listing (Yahoo Finance symbol has no suffix),,no_signal,,Weekly,50,EMA,support,91.34,92.83,75.5421,74.8973,310.0,24,70,MNST: no break on dominant Weekly 50EMA support.,
8766.T,Tokyo Stock Exchange,,no_signal,,Biweekly,50,SMA,support,7194.0,6996.0,5796.3675,5768.7995,249.0,12,129,8766.T: no break on dominant Biweekly 50SMA support.,
AMT,US listing (Yahoo Finance symbol has no suffix),,no_signal,,Quarterly,50,EMA,support,169.257,172.1895,153.214,152.5592,206.0,12,86,AMT: no break on dominant Quarterly 50EMA support.,
WMB,US listing (Yahoo Finance symbol has no suffix),,no_signal,,Weekly,50,SMA,support,73.12,72.08,64.2988,63.9731,298.0,14,158,WMB: no break on dominant Weekly 50SMA support.,
CEG,US listing (Yahoo Finance symbol has no suffix),,no_signal,,,,,,,,,,,,,No dominant support or resistance level found.,
CSX,US listing (Yahoo Finance symbol has no suffix),,no_signal,,Quarterly,50,EMA,support,40.9245,36.0206,23.9456,23.2526,192.0,10,92,CSX: no break on dominant Quarterly 50EMA support.,
8031.T,Tokyo Stock Exchange,,no_signal,,Monthly,50,SMA,support,5290.0,5896.0,2926.9476,2850.558,193.0,12,73,8031.T: no break on dominant Monthly 50SMA support.,
XIACF,US listing (Yahoo Finance symbol has no suffix),,no_signal,,,,,,,,,,,,,No dominant support or resistance level found.,
CMCSA,US listing (Yahoo Finance symbol has no suffix),,no_signal,,Biweekly,50,SMA,resistance,24.5,24.87,30.8787,31.0594,160.0,12,40,CMCSA: no break on dominant Biweekly 50SMA resistance.,
SNOW,US listing (Yahoo Finance symbol has no suffix),,no_signal,,,,,,,,,,,,,No dominant support or resistance level found.,
600028.SS,Shanghai Stock Exchange,,no_signal,,,,,,,,,,,,,No dominant support or resistance level found.,
WBC.AX,Australian Securities Exchange,,no_signal,,,,,,,,,,,,,No dominant support or resistance level found.,
SLB,US listing (Yahoo Finance symbol has no suffix),,no_signal,,,,,,,,,,,,,No dominant support or resistance level found.,
HCA,US listing (Yahoo Finance symbol has no suffix),,no_signal,,Monthly,50,EMA,support,377.7829,433.5811,335.8066,334.0933,131.0,6,71,HCA: no break on dominant Monthly 50EMA support.,
MMM,US listing (Yahoo Finance symbol has no suffix),,no_signal,,,,,,,,,,,,,No dominant support or resistance level found.,
DDOG,US listing (Yahoo Finance symbol has no suffix),,no_signal,,,,,,,,,,,,,No dominant support or resistance level found.,
ING,US listing (Yahoo Finance symbol has no suffix),,no_signal,,Weekly,50,SMA,support,31.36,30.21,26.2034,26.0127,215.0,14,75,ING: no break on dominant Weekly 50SMA support.,
ITUB,US listing (Yahoo Finance symbol has no suffix),,no_signal,,,,,,,,,,,,,No dominant support or resistance level found.,
ATCO-B.ST,Nasdaq Stockholm,,no_signal,,Monthly,50,SMA,support,157.0,154.85,131.563,130.3954,262.0,6,202,ATCO-B.ST: no break on dominant Monthly 50SMA support.,
TCS.NS,National Stock Exchange of India,,no_signal,,Weekly,50,EMA,resistance,2125.0,2161.3999,2742.698,2767.9102,201.0,13,71,TCS.NS: no break on dominant Weekly 50EMA resistance.,
HOOD,US listing (Yahoo Finance symbol has no suffix),,no_signal,,,,,,,,,,,,,No dominant support or resistance level found.,
MELI,US listing (Yahoo Finance symbol has no suffix),,no_signal,,Quarterly,50,SMA,support,1729.02,2014.26,856.8457,824.9159,75.0,0,75,MELI: no break on dominant Quarterly 50SMA support.,
MDLZ,US listing (Yahoo Finance symbol has no suffix),,no_signal,,Quarterly,50,SMA,support,57.64,53.3679,46.2777,45.6032,100.0,0,100,MDLZ: no break on dominant Quarterly 50SMA support.,
EPD,US listing (Yahoo Finance symbol has no suffix),,no_signal,,Biweekly,50,EMA,support,37.25,36.79,31.1308,30.881,242.0,10,142,EPD: no break on dominant Biweekly 50EMA support.,
BCS,US listing (Yahoo Finance symbol has no suffix),,no_signal,,,,,,,,,,,,,No dominant support or resistance level found.,
O39.SI,Singapore Exchange,,no_signal,,Biweekly,50,EMA,support,24.63,23.94,17.6683,17.3841,187.0,4,147,O39.SI: no break on dominant Biweekly 50EMA support.,
8001.T,Tokyo Stock Exchange,,no_signal,,Biweekly,50,SMA,support,1847.5,1873.5,1638.6702,1632.3566,203.0,4,163,8001.T: no break on dominant Biweekly 50SMA support.,
MMC,US listing (Yahoo Finance symbol has no suffix),,error,,,,,,,,,,,,,MMC: price data error.,Yahoo Finance returned no OHLC data
NTES,US listing (Yahoo Finance symbol has no suffix),,no_signal,,Quarterly,20,SMA,support,111.2833,135.4621,95.78,94.8387,234.0,13,104,NTES: no break on dominant Quarterly 20SMA support.,
SPG,US listing (Yahoo Finance symbol has no suffix),,no_signal,,,,,,,,,,,,,No dominant support or resistance level found.,
NET,US listing (Yahoo Finance symbol has no suffix),,no_signal,,,,,,,,,,,,,No dominant support or resistance level found.,
ICE,US listing (Yahoo Finance symbol has no suffix),,no_signal,,Quarterly,50,EMA,support,156.698,160.8411,97.7758,95.3708,121.0,4,81,ICE: no break on dominant Quarterly 50EMA support.,
NGG,US listing (Yahoo Finance symbol has no suffix),,no_signal,,Quarterly,50,SMA,support,82.4327,75.3684,45.1472,44.0864,83.0,0,83,NGG: no break on dominant Quarterly 50SMA support.,
EMR,US listing (Yahoo Finance symbol has no suffix),,no_signal,,,,,,,,,,,,,No dominant support or resistance level found.,
E,US listing (Yahoo Finance symbol has no suffix),,no_signal,,,,,,,,,,,,,No dominant support or resistance level found.,
INTU,US listing (Yahoo Finance symbol has no suffix),,no_signal,,Quarterly,50,EMA,support,431.0479,659.1652,373.7793,371.4418,195.0,8,115,INTU: no break on dominant Quarterly 50EMA support.,
CP,US listing (Yahoo Finance symbol has no suffix),,no_signal,,Quarterly,50,SMA,support,78.66,73.4764,51.8648,50.7333,190.0,2,170,CP: no break on dominant Quarterly 50SMA support.,
ENGI.PA,Euronext Paris,,no_signal,,Weekly,50,EMA,support,26.83,27.51,23.0619,22.9081,273.0,17,103,ENGI.PA: no break on dominant Weekly 50EMA support.,
MCO,US listing (Yahoo Finance symbol has no suffix),,no_signal,,,,,,,,,,,,,No dominant support or resistance level found.,
ANZ.AX,Australian Securities Exchange,,no_signal,,Biweekly,50,EMA,support,34.17,35.2,31.4079,31.2952,259.0,18,79,ANZ.AX: no break on dominant Biweekly 50EMA support.,
ITW,US listing (Yahoo Finance symbol has no suffix),,no_signal,,Monthly,50,EMA,support,247.28,258.01,232.0874,231.4673,266.0,9,176,ITW: no break on dominant Monthly 50EMA support.,
MPC,US listing (Yahoo Finance symbol has no suffix),,no_signal,,,,,,,,,,,,,No dominant support or resistance level found.,
ECL,US listing (Yahoo Finance symbol has no suffix),,no_signal,,Quarterly,50,SMA,support,265.297,261.1067,162.1563,158.5684,213.0,0,213,ECL: no break on dominant Quarterly 50SMA support.,
ABNB,US listing (Yahoo Finance symbol has no suffix),,no_signal,,,,,,,,,,,,,No dominant support or resistance level found.,
RHM.F,Frankfurt Stock Exchange,,no_signal,,Quarterly,50,SMA,support,1438.1151,1538.6099,279.6937,251.6223,94.0,1,84,RHM.F: no break on dominant Quarterly 50SMA support.,
MSI,US listing (Yahoo Finance symbol has no suffix),,no_signal,,Monthly,50,EMA,support,402.0749,437.7181,355.103,353.1857,193.0,1,183,MSI: no break on dominant Monthly 50EMA support.,
RCL,US listing (Yahoo Finance symbol has no suffix),,no_signal,,Biweekly,50,EMA,support,294.38,283.1618,249.0799,247.231,312.0,23,82,RCL: no break on dominant Biweekly 50EMA support.,
4063.T,Tokyo Stock Exchange,,no_signal,,,,,,,,,,,,,No dominant support or resistance level found.,
0728.HK,Hong Kong Stock Exchange,,no_signal,,,,,,,,,,,,,No dominant support or resistance level found.,
LYG,US listing (Yahoo Finance symbol has no suffix),,no_signal,,Weekly,50,EMA,support,5.54,5.5,4.8795,4.8526,215.0,14,75,LYG: no break on dominant Weekly 50EMA support.,
BAM,US listing (Yahoo Finance symbol has no suffix),,no_signal,,,,,,,,,,,,,No dominant support or resistance level found.,
AEP,US listing (Yahoo Finance symbol has no suffix),,no_signal,,Weekly,50,EMA,support,127.69,129.23,120.0632,119.7519,293.0,17,123,AEP: no break on dominant Weekly 50EMA support.,
CI,US listing (Yahoo Finance symbol has no suffix),,no_signal,,,,,,,,,,,,,No dominant support or resistance level found.,
7974.T,Tokyo Stock Exchange,,no_signal,,,,,,,,,,,,,No dominant support or resistance level found.,
WBD,US listing (Yahoo Finance symbol has no suffix),,no_signal,,,,,,,,,,,,,No dominant support or resistance level found.,
601998.SS,Shanghai Stock Exchange,,no_signal,,Biweekly,50,EMA,support,7.68,7.2328,6.9671,6.938,234.0,14,94,601998.SS: no break on dominant Biweekly 50EMA support.,
1211.SR,Saudi Exchange (Tadawul),,no_signal,,,,,,,,,,,,,No dominant support or resistance level found.,
RSG,US listing (Yahoo Finance symbol has no suffix),,no_signal,,Monthly,50,SMA,support,200.44,209.22,179.3635,177.8767,178.0,1,168,RSG: no break on dominant Monthly 50SMA support.,
CVNA,US listing (Yahoo Finance symbol has no suffix),,no_signal,,,,,,,,,,,,,No dominant support or resistance level found.,
CTAS,US listing (Yahoo Finance symbol has no suffix),,no_signal,,Monthly,50,SMA,support,171.26,174.2363,157.2352,155.8549,205.0,2,185,CTAS: no break on dominant Monthly 50SMA support.,
2914.T,Tokyo Stock Exchange,,no_signal,,Biweekly,50,SMA,support,6075.0,5973.0,4684.7281,4646.1123,238.0,10,138,2914.T: no break on dominant Biweekly 50SMA support.,
TRP,US listing (Yahoo Finance symbol has no suffix),,no_signal,,Weekly,50,EMA,support,67.7,69.39,58.5894,58.2175,292.0,18,112,TRP: no break on dominant Weekly 50EMA support.,
NU,US listing (Yahoo Finance symbol has no suffix),,no_signal,,,,,,,,,,,,,No dominant support or resistance level found.,
0981.HK,Hong Kong Stock Exchange,,no_signal,,,,,,,,,,,,,No dominant support or resistance level found.,
APD,US listing (Yahoo Finance symbol has no suffix),,no_signal,,Quarterly,50,SMA,support,288.68,243.702,186.3598,182.0406,205.0,2,185,APD: no break on dominant Quarterly 50SMA support.,
GOLD,US listing (Yahoo Finance symbol has no suffix),,no_signal,,,,,,,,,,,,,No dominant support or resistance level found.,
IMO,US listing (Yahoo Finance symbol has no suffix),,no_signal,,Biweekly,50,EMA,support,121.29,118.1314,90.6498,89.3992,220.0,8,140,IMO: no break on dominant Biweekly 50EMA support.,
VALE,US listing (Yahoo Finance symbol has no suffix),,no_signal,,,,,,,,,,,,,No dominant support or resistance level found.,
OXY,US listing (Yahoo Finance symbol has no suffix),,no_signal,,,,,,,,,,,,,No dominant support or resistance level found.,
9433.T,Tokyo Stock Exchange,,no_signal,,Quarterly,50,SMA,support,2723.5,2668.7129,1462.3634,1419.2795,125.0,2,105,9433.T: no break on dominant Quarterly 50SMA support.,
TDG,US listing (Yahoo Finance symbol has no suffix),,no_signal,,Monthly,50,SMA,support,1258.3199,1159.98,986.0662,971.7303,293.0,5,243,TDG: no break on dominant Monthly 50SMA support.,
VOLV-A.ST,Nasdaq Stockholm,,no_signal,,Monthly,50,EMA,support,325.4,318.8,236.4034,232.7709,284.0,21,74,VOLV-A.ST: no break on dominant Monthly 50EMA support.,
9633.HK,Hong Kong Stock Exchange,,no_signal,,,,,,,,,,,,,No dominant support or resistance level found.,
LHX,US listing (Yahoo Finance symbol has no suffix),,no_signal,,Quarterly,50,SMA,support,343.7573,291.3705,153.2001,147.2428,188.0,1,178,LHX: no break on dominant Quarterly 50SMA support.,
LNG,US listing (Yahoo Finance symbol has no suffix),,no_signal,,,,,,,,,,,,,No dominant support or resistance level found.,
Z74.SI,Singapore Exchange,,no_signal,,,,,,,,,,,,,No dominant support or resistance level found.,
DASH,US listing (Yahoo Finance symbol has no suffix),,no_signal,,,,,,,,,,,,,No dominant support or resistance level found.,
TRV,US listing (Yahoo Finance symbol has no suffix),,no_signal,,Weekly,50,EMA,support,307.81,304.46,284.1369,283.1706,247.0,11,137,TRV: no break on dominant Weekly 50EMA support.,
NSC,US listing (Yahoo Finance symbol has no suffix),,no_signal,,Quarterly,50,EMA,support,285.7637,286.2118,177.7524,173.3438,208.0,11,98,NSC: no break on dominant Quarterly 50EMA support.,
ROSN.ME,Moscow Exchange,,no_signal,,,,,,,,,,,,,No dominant support or resistance level found.,
0388.HK,Hong Kong Stock Exchange,,no_signal,,Quarterly,50,SMA,support,388.6,401.4177,243.9571,237.9941,144.0,4,104,0388.HK: no break on dominant Quarterly 50SMA support.,
APO,US listing (Yahoo Finance symbol has no suffix),,no_signal,,Monthly,50,SMA,support,128.71,128.1795,101.9669,100.5371,175.0,6,115,APO: no break on dominant Monthly 50SMA support.,
SRE,US listing (Yahoo Finance symbol has no suffix),,no_signal,,Monthly,50,SMA,support,89.13,95.12,75.3392,75.0398,361.0,17,191,SRE: no break on dominant Monthly 50SMA support.,
BKR,US listing (Yahoo Finance symbol has no suffix),,no_signal,,,,,,,,,,,,,No dominant support or resistance level found.,
CNI,US listing (Yahoo Finance symbol has no suffix),,no_signal,,Quarterly,50,EMA,support,102.212,97.6995,83.4443,82.6783,126.0,1,116,CNI: no break on dominant Quarterly 50EMA support.,
DLR,US listing (Yahoo Finance symbol has no suffix),,no_signal,,Quarterly,50,EMA,support,179.0164,152.646,105.3293,102.3216,125.0,4,85,DLR: no break on dominant Quarterly 50EMA support.,
373220.KS,Korea Exchange,,no_signal,,,,,,,,,,,,,No dominant support or resistance level found.,
COR,US listing (Yahoo Finance symbol has no suffix),,signal,break_below_dominant_support,Monthly,20,EMA,support,269.36,307.3022,294.8471,297.53,313.0,23,83,COR: Break below dominant support at Monthly 20EMA.,
TEL,US listing (Yahoo Finance symbol has no suffix),,no_signal,,Monthly,50,EMA,support,213.41,210.845,161.7293,159.6199,243.0,17,73,TEL: no break on dominant Monthly 50EMA support.,
PCAR,US listing (Yahoo Finance symbol has no suffix),,no_signal,,Monthly,50,SMA,support,110.37,118.4321,86.1169,84.914,211.0,12,91,PCAR: no break on dominant Monthly 50SMA support.,
OKE,US listing (Yahoo Finance symbol has no suffix),,no_signal,,,,,,,,,,,,,No dominant support or resistance level found.,
MPLX,US listing (Yahoo Finance symbol has no suffix),,no_signal,,Biweekly,50,SMA,support,56.84,56.48,47.9481,47.5479,176.0,3,146,MPLX: no break on dominant Biweekly 50SMA support.,
WMMVF,US listing (Yahoo Finance symbol has no suffix),,no_signal,,Quarterly,50,SMA,support,3.24,3.16,2.532,2.5055,136.0,5,86,WMMVF: no break on dominant Quarterly 50SMA support.,
8002.T,Tokyo Stock Exchange,,no_signal,,,,,,,,,,,,,No dominant support or resistance level found.,
2259.HK,Hong Kong Stock Exchange,,no_signal,,,,,,,,,,,,,No dominant support or resistance level found.,
